"0","fit <- fit_calibration_bayes("
"0","  standards          = standards_preprocessed,"
"0","  samples            = bead_assay_example$samples,"
"0","  response_var       = bead_assay_example$response_var,   # ""mfi"""
"0","  model_names        = c(""logistic4"", ""logistic5"","
"0","                          ""gompertz4"", ""loglogistic5""),"
"0","  is_log_response    = study_params$is_log_response,"
"0","  is_log_independent = study_params$is_log_independent,"
"0","  std_curve_conc     = antigen_settings$standard_curve_concentration,"
"0","  fixed_a            = NULL,"
"0","  n_grid             = 200L,"
"0","  grid_min_conc      = 1e-4,"
"0","  chains             = 4L,"
"0","  warmup             = 1000L,"
"0","  sampling           = 1000L,"
"0","  adapt_delta        = 0.95,"
"0","  seed               = 42,"
"0","  run_loo            = TRUE,"
"0","  verbose            = TRUE"
"0",")"
"1","Running MCMC with 4 sequential chains...

"
"1","Chain"
"1"," "
"1","1"
"1"," "
"1","Iteration:    1 / 2000 [  0%]  (Warmup)"
"1"," "
"1","
"
"1","Chain"
"1"," "
"1","1"
"1"," "
"1","Iteration:  200 / 2000 [ 10%]  (Warmup)"
"1"," "
"1","
"
"1","Chain"
"1"," "
"1","1"
"1"," "
"1","Iteration:  400 / 2000 [ 20%]  (Warmup)"
"1"," "
"1","
"
"1","Chain"
"1"," "
"1","1"
"1"," "
"1","Iteration:  600 / 2000 [ 30%]  (Warmup)"
"1"," "
"1","
"
"1","Chain"
"1"," "
"1","1"
"1"," "
"1","Iteration:  800 / 2000 [ 40%]  (Warmup)"
"1"," "
"1","
"
"1","Chain"
"1"," "
"1","1"
"1"," "
"1","Iteration: 1000 / 2000 [ 50%]  (Warmup)"
"1"," "
"1","
"
"1","Chain"
"1"," "
"1","1"
"1"," "
"1","Iteration: 1001 / 2000 [ 50%]  (Sampling)"
"1"," "
"1","
"
"1","Chain"
"1"," "
"1","1"
"1"," "
"1","Iteration: 1200 / 2000 [ 60%]  (Sampling)"
"1"," "
"1","
"
"1","Chain"
"1"," "
"1","1"
"1"," "
"1","Iteration: 1400 / 2000 [ 70%]  (Sampling)"
"1"," "
"1","
"
"1","Chain"
"1"," "
"1","1"
"1"," "
"1","Iteration: 1600 / 2000 [ 80%]  (Sampling)"
"1"," "
"1","
"
"1","Chain"
"1"," "
"1","1"
"1"," "
"1","Iteration: 1800 / 2000 [ 90%]  (Sampling)"
"1"," "
"1","
"
"1","Chain"
"1"," "
"1","1"
"1"," "
"1","Iteration: 2000 / 2000 [100%]  (Sampling)"
"1"," "
"1","
"
"1","Chain"
"1"," "
"1","1"
"1"," "
"1","finished in"
"1"," "
"1","20.3"
"1"," "
"1","seconds.
"
"1","Chain"
"1"," "
"1","2"
"1"," "
"1","Iteration:    1 / 2000 [  0%]  (Warmup)"
"1"," "
"1","
"
"1","Chain"
"1"," "
"1","2"
"1"," "
"1","Iteration:  200 / 2000 [ 10%]  (Warmup)"
"1"," "
"1","
"
"1","Chain"
"1"," "
"1","2"
"1"," "
"1","Iteration:  400 / 2000 [ 20%]  (Warmup)"
"1"," "
"1","
"
"1","Chain"
"1"," "
"1","2"
"1"," "
"1","Iteration:  600 / 2000 [ 30%]  (Warmup)"
"1"," "
"1","
"
"1","Chain"
"1"," "
"1","2"
"1"," "
"1","Iteration:  800 / 2000 [ 40%]  (Warmup)"
"1"," "
"1","
"
"1","Chain"
"1"," "
"1","2"
"1"," "
"1","Iteration: 1000 / 2000 [ 50%]  (Warmup)"
"1"," "
"1","
"
"1","Chain"
"1"," "
"1","2"
"1"," "
"1","Iteration: 1001 / 2000 [ 50%]  (Sampling)"
"1"," "
"1","
"
"1","Chain"
"1"," "
"1","2"
"1"," "
"1","Iteration: 1200 / 2000 [ 60%]  (Sampling)"
"1"," "
"1","
"
"1","Chain"
"1"," "
"1","2"
"1"," "
"1","Iteration: 1400 / 2000 [ 70%]  (Sampling)"
"1"," "
"1","
"
"1","Chain"
"1"," "
"1","2"
"1"," "
"1","Iteration: 1600 / 2000 [ 80%]  (Sampling)"
"1"," "
"1","
"
"1","Chain"
"1"," "
"1","2"
"1"," "
"1","Iteration: 1800 / 2000 [ 90%]  (Sampling)"
"1"," "
"1","
"
"1","Chain"
"1"," "
"1","2"
"1"," "
"1","Iteration: 2000 / 2000 [100%]  (Sampling)"
"1"," "
"1","
"
"1","Chain"
"1"," "
"1","2"
"1"," "
"1","finished in"
"1"," "
"1","23.2"
"1"," "
"1","seconds.
"
"1","Chain"
"1"," "
"1","3"
"1"," "
"1","Iteration:    1 / 2000 [  0%]  (Warmup)"
"1"," "
"1","
"
"1","Chain"
"1"," "
"1","3"
"1"," "
"1","Iteration:  200 / 2000 [ 10%]  (Warmup)"
"1"," "
"1","
"
"1","Chain"
"1"," "
"1","3"
"1"," "
"1","Iteration:  400 / 2000 [ 20%]  (Warmup)"
"1"," "
"1","
"
"1","Chain"
"1"," "
"1","3"
"1"," "
"1","Iteration:  600 / 2000 [ 30%]  (Warmup)"
"1"," "
"1","
"
"1","Chain"
"1"," "
"1","3"
"1"," "
"1","Iteration:  800 / 2000 [ 40%]  (Warmup)"
"1"," "
"1","
"
"1","Chain"
"1"," "
"1","3"
"1"," "
"1","Iteration: 1000 / 2000 [ 50%]  (Warmup)"
"1"," "
"1","
"
"1","Chain"
"1"," "
"1","3"
"1"," "
"1","Iteration: 1001 / 2000 [ 50%]  (Sampling)"
"1"," "
"1","
"
"1","Chain"
"1"," "
"1","3"
"1"," "
"1","Iteration: 1200 / 2000 [ 60%]  (Sampling)"
"1"," "
"1","
"
"1","Chain"
"1"," "
"1","3"
"1"," "
"1","Iteration: 1400 / 2000 [ 70%]  (Sampling)"
"1"," "
"1","
"
"1","Chain"
"1"," "
"1","3"
"1"," "
"1","Iteration: 1600 / 2000 [ 80%]  (Sampling)"
"1"," "
"1","
"
"1","Chain"
"1"," "
"1","3"
"1"," "
"1","Iteration: 1800 / 2000 [ 90%]  (Sampling)"
"1"," "
"1","
"
"1","Chain"
"1"," "
"1","3"
"1"," "
"1","Iteration: 2000 / 2000 [100%]  (Sampling)"
"1"," "
"1","
"
"1","Chain"
"1"," "
"1","3"
"1"," "
"1","finished in"
"1"," "
"1","28.7"
"1"," "
"1","seconds.
"
"1","Chain"
"1"," "
"1","4"
"1"," "
"1","Iteration:    1 / 2000 [  0%]  (Warmup)"
"1"," "
"1","
"
"1","Chain"
"1"," "
"1","4"
"1"," "
"1","Iteration:  200 / 2000 [ 10%]  (Warmup)"
"1"," "
"1","
"
"1","Chain"
"1"," "
"1","4"
"1"," "
"1","Iteration:  400 / 2000 [ 20%]  (Warmup)"
"1"," "
"1","
"
"1","Chain"
"1"," "
"1","4"
"1"," "
"1","Iteration:  600 / 2000 [ 30%]  (Warmup)"
"1"," "
"1","
"
"1","Chain"
"1"," "
"1","4"
"1"," "
"1","Iteration:  800 / 2000 [ 40%]  (Warmup)"
"1"," "
"1","
"
"1","Chain"
"1"," "
"1","4"
"1"," "
"1","Iteration: 1000 / 2000 [ 50%]  (Warmup)"
"1"," "
"1","
"
"1","Chain"
"1"," "
"1","4"
"1"," "
"1","Iteration: 1001 / 2000 [ 50%]  (Sampling)"
"1"," "
"1","
"
"1","Chain"
"1"," "
"1","4"
"1"," "
"1","Iteration: 1200 / 2000 [ 60%]  (Sampling)"
"1"," "
"1","
"
"1","Chain"
"1"," "
"1","4"
"1"," "
"1","Iteration: 1400 / 2000 [ 70%]  (Sampling)"
"1"," "
"1","
"
"1","Chain"
"1"," "
"1","4"
"1"," "
"1","Iteration: 1600 / 2000 [ 80%]  (Sampling)"
"1"," "
"1","
"
"1","Chain"
"1"," "
"1","4"
"1"," "
"1","Iteration: 1800 / 2000 [ 90%]  (Sampling)"
"1"," "
"1","
"
"1","Chain"
"1"," "
"1","4"
"1"," "
"1","Iteration: 2000 / 2000 [100%]  (Sampling)"
"1"," "
"1","
"
"1","Chain"
"1"," "
"1","4"
"1"," "
"1","finished in"
"1"," "
"1","21.4"
"1"," "
"1","seconds.
"
"1","
All"
"1"," "
"1","4"
"1"," "
"1","chains finished successfully.
"
"1","Mean chain execution time:"
"1"," "
"1","23.4"
"1"," "
"1","seconds.
"
"1","Total execution time:"
"1"," "
"1","94.4"
"1"," "
"1","seconds.

"
"1","Running MCMC with 4 sequential chains...

"
"1","Chain"
"1"," "
"1","1"
"1"," "
"1","Iteration:    1 / 2000 [  0%]  (Warmup)"
"1"," "
"1","
"
"1","Chain"
"1"," "
"1","1"
"1"," "
"1","Iteration:  200 / 2000 [ 10%]  (Warmup)"
"1"," "
"1","
"
"1","Chain"
"1"," "
"1","1"
"1"," "
"1","Iteration:  400 / 2000 [ 20%]  (Warmup)"
"1"," "
"1","
"
"1","Chain"
"1"," "
"1","1"
"1"," "
"1","Iteration:  600 / 2000 [ 30%]  (Warmup)"
"1"," "
"1","
"
"1","Chain"
"1"," "
"1","1"
"1"," "
"1","Iteration:  800 / 2000 [ 40%]  (Warmup)"
"1"," "
"1","
"
"1","Chain"
"1"," "
"1","1"
"1"," "
"1","Iteration: 1000 / 2000 [ 50%]  (Warmup)"
"1"," "
"1","
"
"1","Chain"
"1"," "
"1","1"
"1"," "
"1","Iteration: 1001 / 2000 [ 50%]  (Sampling)"
"1"," "
"1","
"
"1","Chain"
"1"," "
"1","1"
"1"," "
"1","Iteration: 1200 / 2000 [ 60%]  (Sampling)"
"1"," "
"1","
"
"1","Chain"
"1"," "
"1","1"
"1"," "
"1","Iteration: 1400 / 2000 [ 70%]  (Sampling)"
"1"," "
"1","
"
"1","Chain"
"1"," "
"1","1"
"1"," "
"1","Iteration: 1600 / 2000 [ 80%]  (Sampling)"
"1"," "
"1","
"
"1","Chain"
"1"," "
"1","1"
"1"," "
"1","Iteration: 1800 / 2000 [ 90%]  (Sampling)"
"1"," "
"1","
"
"1","Chain"
"1"," "
"1","1"
"1"," "
"1","Iteration: 2000 / 2000 [100%]  (Sampling)"
"1"," "
"1","
"
"1","Chain"
"1"," "
"1","1"
"1"," "
"1","finished in"
"1"," "
"1","32.2"
"1"," "
"1","seconds.
"
"1","Chain"
"1"," "
"1","2"
"1"," "
"1","Iteration:    1 / 2000 [  0%]  (Warmup)"
"1"," "
"1","
"
"1","Chain"
"1"," "
"1","2"
"1"," "
"1","Iteration:  200 / 2000 [ 10%]  (Warmup)"
"1"," "
"1","
"
"1","Chain"
"1"," "
"1","2"
"1"," "
"1","Iteration:  400 / 2000 [ 20%]  (Warmup)"
"1"," "
"1","
"
"1","Chain"
"1"," "
"1","2"
"1"," "
"1","Iteration:  600 / 2000 [ 30%]  (Warmup)"
"1"," "
"1","
"
"1","Chain"
"1"," "
"1","2"
"1"," "
"1","Iteration:  800 / 2000 [ 40%]  (Warmup)"
"1"," "
"1","
"
"1","Chain"
"1"," "
"1","2"
"1"," "
"1","Iteration: 1000 / 2000 [ 50%]  (Warmup)"
"1"," "
"1","
"
"1","Chain"
"1"," "
"1","2"
"1"," "
"1","Iteration: 1001 / 2000 [ 50%]  (Sampling)"
"1"," "
"1","
"
"1","Chain"
"1"," "
"1","2"
"1"," "
"1","Iteration: 1200 / 2000 [ 60%]  (Sampling)"
"1"," "
"1","
"
"1","Chain"
"1"," "
"1","2"
"1"," "
"1","Iteration: 1400 / 2000 [ 70%]  (Sampling)"
"1"," "
"1","
"
"1","Chain"
"1"," "
"1","2"
"1"," "
"1","Iteration: 1600 / 2000 [ 80%]  (Sampling)"
"1"," "
"1","
"
"1","Chain"
"1"," "
"1","2"
"1"," "
"1","Iteration: 1800 / 2000 [ 90%]  (Sampling)"
"1"," "
"1","
"
"1","Chain"
"1"," "
"1","2"
"1"," "
"1","Iteration: 2000 / 2000 [100%]  (Sampling)"
"1"," "
"1","
"
"1","Chain"
"1"," "
"1","2"
"1"," "
"1","finished in"
"1"," "
"1","32.5"
"1"," "
"1","seconds.
"
"1","Chain"
"1"," "
"1","3"
"1"," "
"1","Iteration:    1 / 2000 [  0%]  (Warmup)"
"1"," "
"1","
"
"1","Chain"
"1"," "
"1","3"
"1"," "
"1","Iteration:  200 / 2000 [ 10%]  (Warmup)"
"1"," "
"1","
"
"1","Chain"
"1"," "
"1","3"
"1"," "
"1","Iteration:  400 / 2000 [ 20%]  (Warmup)"
"1"," "
"1","
"
"1","Chain"
"1"," "
"1","3"
"1"," "
"1","Iteration:  600 / 2000 [ 30%]  (Warmup)"
"1"," "
"1","
"
"1","Chain"
"1"," "
"1","3"
"1"," "
"1","Iteration:  800 / 2000 [ 40%]  (Warmup)"
"1"," "
"1","
"
"1","Chain"
"1"," "
"1","3"
"1"," "
"1","Iteration: 1000 / 2000 [ 50%]  (Warmup)"
"1"," "
"1","
"
"1","Chain"
"1"," "
"1","3"
"1"," "
"1","Iteration: 1001 / 2000 [ 50%]  (Sampling)"
"1"," "
"1","
"
"1","Chain"
"1"," "
"1","3"
"1"," "
"1","Iteration: 1200 / 2000 [ 60%]  (Sampling)"
"1"," "
"1","
"
"1","Chain"
"1"," "
"1","3"
"1"," "
"1","Iteration: 1400 / 2000 [ 70%]  (Sampling)"
"1"," "
"1","
"
"1","Chain"
"1"," "
"1","3"
"1"," "
"1","Iteration: 1600 / 2000 [ 80%]  (Sampling)"
"1"," "
"1","
"
"1","Chain"
"1"," "
"1","3"
"1"," "
"1","Iteration: 1800 / 2000 [ 90%]  (Sampling)"
"1"," "
"1","
"
"1","Chain"
"1"," "
"1","3"
"1"," "
"1","Iteration: 2000 / 2000 [100%]  (Sampling)"
"1"," "
"1","
"
"1","Chain"
"1"," "
"1","3"
"1"," "
"1","finished in"
"1"," "
"1","32.3"
"1"," "
"1","seconds.
"
"1","Chain"
"1"," "
"1","4"
"1"," "
"1","Iteration:    1 / 2000 [  0%]  (Warmup)"
"1"," "
"1","
"
"1","Chain"
"1"," "
"1","4"
"1"," "
"1","Iteration:  200 / 2000 [ 10%]  (Warmup)"
"1"," "
"1","
"
"1","Chain"
"1"," "
"1","4"
"1"," "
"1","Iteration:  400 / 2000 [ 20%]  (Warmup)"
"1"," "
"1","
"
"1","Chain"
"1"," "
"1","4"
"1"," "
"1","Iteration:  600 / 2000 [ 30%]  (Warmup)"
"1"," "
"1","
"
"1","Chain"
"1"," "
"1","4"
"1"," "
"1","Iteration:  800 / 2000 [ 40%]  (Warmup)"
"1"," "
"1","
"
"1","Chain"
"1"," "
"1","4"
"1"," "
"1","Iteration: 1000 / 2000 [ 50%]  (Warmup)"
"1"," "
"1","
"
"1","Chain"
"1"," "
"1","4"
"1"," "
"1","Iteration: 1001 / 2000 [ 50%]  (Sampling)"
"1"," "
"1","
"
"1","Chain"
"1"," "
"1","4"
"1"," "
"1","Iteration: 1200 / 2000 [ 60%]  (Sampling)"
"1"," "
"1","
"
"1","Chain"
"1"," "
"1","4"
"1"," "
"1","Iteration: 1400 / 2000 [ 70%]  (Sampling)"
"1"," "
"1","
"
"1","Chain"
"1"," "
"1","4"
"1"," "
"1","Iteration: 1600 / 2000 [ 80%]  (Sampling)"
"1"," "
"1","
"
"1","Chain"
"1"," "
"1","4"
"1"," "
"1","Iteration: 1800 / 2000 [ 90%]  (Sampling)"
"1"," "
"1","
"
"1","Chain"
"1"," "
"1","4"
"1"," "
"1","Iteration: 2000 / 2000 [100%]  (Sampling)"
"1"," "
"1","
"
"1","Chain"
"1"," "
"1","4"
"1"," "
"1","finished in"
"1"," "
"1","35.5"
"1"," "
"1","seconds.
"
"1","
All"
"1"," "
"1","4"
"1"," "
"1","chains finished successfully.
"
"1","Mean chain execution time:"
"1"," "
"1","33.1"
"1"," "
"1","seconds.
"
"1","Total execution time:"
"1"," "
"1","133.3"
"1"," "
"1","seconds.

"
"1","Running MCMC with 4 sequential chains...

"
"1","Chain"
"1"," "
"1","1"
"1"," "
"1","Iteration:    1 / 2000 [  0%]  (Warmup)"
"1"," "
"1","
"
"1","Chain"
"1"," "
"1","1"
"1"," "
"1","Iteration:  200 / 2000 [ 10%]  (Warmup)"
"1"," "
"1","
"
"1","Chain"
"1"," "
"1","1"
"1"," "
"1","Iteration:  400 / 2000 [ 20%]  (Warmup)"
"1"," "
"1","
"
"1","Chain"
"1"," "
"1","1"
"1"," "
"1","Iteration:  600 / 2000 [ 30%]  (Warmup)"
"1"," "
"1","
"
"1","Chain"
"1"," "
"1","1"
"1"," "
"1","Iteration:  800 / 2000 [ 40%]  (Warmup)"
"1"," "
"1","
"
"1","Chain"
"1"," "
"1","1"
"1"," "
"1","Iteration: 1000 / 2000 [ 50%]  (Warmup)"
"1"," "
"1","
"
"1","Chain"
"1"," "
"1","1"
"1"," "
"1","Iteration: 1001 / 2000 [ 50%]  (Sampling)"
"1"," "
"1","
"
"1","Chain"
"1"," "
"1","1"
"1"," "
"1","Iteration: 1200 / 2000 [ 60%]  (Sampling)"
"1"," "
"1","
"
"1","Chain"
"1"," "
"1","1"
"1"," "
"1","Iteration: 1400 / 2000 [ 70%]  (Sampling)"
"1"," "
"1","
"
"1","Chain"
"1"," "
"1","1"
"1"," "
"1","Iteration: 1600 / 2000 [ 80%]  (Sampling)"
"1"," "
"1","
"
"1","Chain"
"1"," "
"1","1"
"1"," "
"1","Iteration: 1800 / 2000 [ 90%]  (Sampling)"
"1"," "
"1","
"
"1","Chain"
"1"," "
"1","1"
"1"," "
"1","Iteration: 2000 / 2000 [100%]  (Sampling)"
"1"," "
"1","
"
"1","Chain"
"1"," "
"1","1"
"1"," "
"1","finished in"
"1"," "
"1","20.8"
"1"," "
"1","seconds.
"
"1","Chain"
"1"," "
"1","2"
"1"," "
"1","Iteration:    1 / 2000 [  0%]  (Warmup)"
"1"," "
"1","
"
"1","Chain"
"1"," "
"1","2"
"1"," "
"1","Iteration:  200 / 2000 [ 10%]  (Warmup)"
"1"," "
"1","
"
"1","Chain"
"1"," "
"1","2"
"1"," "
"1","Iteration:  400 / 2000 [ 20%]  (Warmup)"
"1"," "
"1","
"
"1","Chain"
"1"," "
"1","2"
"1"," "
"1","Iteration:  600 / 2000 [ 30%]  (Warmup)"
"1"," "
"1","
"
"1","Chain"
"1"," "
"1","2"
"1"," "
"1","Iteration:  800 / 2000 [ 40%]  (Warmup)"
"1"," "
"1","
"
"1","Chain"
"1"," "
"1","2"
"1"," "
"1","Iteration: 1000 / 2000 [ 50%]  (Warmup)"
"1"," "
"1","
"
"1","Chain"
"1"," "
"1","2"
"1"," "
"1","Iteration: 1001 / 2000 [ 50%]  (Sampling)"
"1"," "
"1","
"
"1","Chain"
"1"," "
"1","2"
"1"," "
"1","Iteration: 1200 / 2000 [ 60%]  (Sampling)"
"1"," "
"1","
"
"1","Chain"
"1"," "
"1","2"
"1"," "
"1","Iteration: 1400 / 2000 [ 70%]  (Sampling)"
"1"," "
"1","
"
"1","Chain"
"1"," "
"1","2"
"1"," "
"1","Iteration: 1600 / 2000 [ 80%]  (Sampling)"
"1"," "
"1","
"
"1","Chain"
"1"," "
"1","2"
"1"," "
"1","Iteration: 1800 / 2000 [ 90%]  (Sampling)"
"1"," "
"1","
"
"1","Chain"
"1"," "
"1","2"
"1"," "
"1","Iteration: 2000 / 2000 [100%]  (Sampling)"
"1"," "
"1","
"
"1","Chain"
"1"," "
"1","2"
"1"," "
"1","finished in"
"1"," "
"1","21.3"
"1"," "
"1","seconds.
"
"1","Chain"
"1"," "
"1","3"
"1"," "
"1","Iteration:    1 / 2000 [  0%]  (Warmup)"
"1"," "
"1","
"
"1","Chain"
"1"," "
"1","3"
"1"," "
"1","Iteration:  200 / 2000 [ 10%]  (Warmup)"
"1"," "
"1","
"
"1","Chain"
"1"," "
"1","3"
"1"," "
"1","Iteration:  400 / 2000 [ 20%]  (Warmup)"
"1"," "
"1","
"
"1","Chain"
"1"," "
"1","3"
"1"," "
"1","Iteration:  600 / 2000 [ 30%]  (Warmup)"
"1"," "
"1","
"
"1","Chain"
"1"," "
"1","3"
"1"," "
"1","Iteration:  800 / 2000 [ 40%]  (Warmup)"
"1"," "
"1","
"
"1","Chain"
"1"," "
"1","3"
"1"," "
"1","Iteration: 1000 / 2000 [ 50%]  (Warmup)"
"1"," "
"1","
"
"1","Chain"
"1"," "
"1","3"
"1"," "
"1","Iteration: 1001 / 2000 [ 50%]  (Sampling)"
"1"," "
"1","
"
"1","Chain"
"1"," "
"1","3"
"1"," "
"1","Iteration: 1200 / 2000 [ 60%]  (Sampling)"
"1"," "
"1","
"
"1","Chain"
"1"," "
"1","3"
"1"," "
"1","Iteration: 1400 / 2000 [ 70%]  (Sampling)"
"1"," "
"1","
"
"1","Chain"
"1"," "
"1","3"
"1"," "
"1","Iteration: 1600 / 2000 [ 80%]  (Sampling)"
"1"," "
"1","
"
"1","Chain"
"1"," "
"1","3"
"1"," "
"1","Iteration: 1800 / 2000 [ 90%]  (Sampling)"
"1"," "
"1","
"
"1","Chain"
"1"," "
"1","3"
"1"," "
"1","Iteration: 2000 / 2000 [100%]  (Sampling)"
"1"," "
"1","
"
"1","Chain"
"1"," "
"1","3"
"1"," "
"1","finished in"
"1"," "
"1","18.5"
"1"," "
"1","seconds.
"
"1","Chain"
"1"," "
"1","4"
"1"," "
"1","Iteration:    1 / 2000 [  0%]  (Warmup)"
"1"," "
"1","
"
"1","Chain"
"1"," "
"1","4"
"1"," "
"1","Iteration:  200 / 2000 [ 10%]  (Warmup)"
"1"," "
"1","
"
"1","Chain"
"1"," "
"1","4"
"1"," "
"1","Iteration:  400 / 2000 [ 20%]  (Warmup)"
"1"," "
"1","
"
"1","Chain"
"1"," "
"1","4"
"1"," "
"1","Iteration:  600 / 2000 [ 30%]  (Warmup)"
"1"," "
"1","
"
"1","Chain"
"1"," "
"1","4"
"1"," "
"1","Iteration:  800 / 2000 [ 40%]  (Warmup)"
"1"," "
"1","
"
"1","Chain"
"1"," "
"1","4"
"1"," "
"1","Iteration: 1000 / 2000 [ 50%]  (Warmup)"
"1"," "
"1","
"
"1","Chain"
"1"," "
"1","4"
"1"," "
"1","Iteration: 1001 / 2000 [ 50%]  (Sampling)"
"1"," "
"1","
"
"1","Chain"
"1"," "
"1","4"
"1"," "
"1","Iteration: 1200 / 2000 [ 60%]  (Sampling)"
"1"," "
"1","
"
"1","Chain"
"1"," "
"1","4"
"1"," "
"1","Iteration: 1400 / 2000 [ 70%]  (Sampling)"
"1"," "
"1","
"
"1","Chain"
"1"," "
"1","4"
"1"," "
"1","Iteration: 1600 / 2000 [ 80%]  (Sampling)"
"1"," "
"1","
"
"1","Chain"
"1"," "
"1","4"
"1"," "
"1","Iteration: 1800 / 2000 [ 90%]  (Sampling)"
"1"," "
"1","
"
"1","Chain"
"1"," "
"1","4"
"1"," "
"1","Iteration: 2000 / 2000 [100%]  (Sampling)"
"1"," "
"1","
"
"1","Chain"
"1"," "
"1","4"
"1"," "
"1","finished in"
"1"," "
"1","19.9"
"1"," "
"1","seconds.
"
"1","
All"
"1"," "
"1","4"
"1"," "
"1","chains finished successfully.
"
"1","Mean chain execution time:"
"1"," "
"1","20.1"
"1"," "
"1","seconds.
"
"1","Total execution time:"
"1"," "
"1","81.3"
"1"," "
"1","seconds.

"
"1","Running MCMC with 4 sequential chains...

"
"1","Chain"
"1"," "
"1","1"
"1"," "
"1","Iteration:    1 / 2000 [  0%]  (Warmup)"
"1"," "
"1","
"
"1","Chain"
"1"," "
"1","1"
"1"," "
"1","Iteration:  200 / 2000 [ 10%]  (Warmup)"
"1"," "
"1","
"
"1","Chain"
"1"," "
"1","1"
"1"," "
"1","Iteration:  400 / 2000 [ 20%]  (Warmup)"
"1"," "
"1","
"
"1","Chain"
"1"," "
"1","1"
"1"," "
"1","Iteration:  600 / 2000 [ 30%]  (Warmup)"
"1"," "
"1","
"
"1","Chain"
"1"," "
"1","1"
"1"," "
"1","Iteration:  800 / 2000 [ 40%]  (Warmup)"
"1"," "
"1","
"
"1","Chain"
"1"," "
"1","1"
"1"," "
"1","Iteration: 1000 / 2000 [ 50%]  (Warmup)"
"1"," "
"1","
"
"1","Chain"
"1"," "
"1","1"
"1"," "
"1","Iteration: 1001 / 2000 [ 50%]  (Sampling)"
"1"," "
"1","
"
"1","Chain"
"1"," "
"1","1"
"1"," "
"1","Iteration: 1200 / 2000 [ 60%]  (Sampling)"
"1"," "
"1","
"
"1","Chain"
"1"," "
"1","1"
"1"," "
"1","Iteration: 1400 / 2000 [ 70%]  (Sampling)"
"1"," "
"1","
"
"1","Chain"
"1"," "
"1","1"
"1"," "
"1","Iteration: 1600 / 2000 [ 80%]  (Sampling)"
"1"," "
"1","
"
"1","Chain"
"1"," "
"1","1"
"1"," "
"1","Iteration: 1800 / 2000 [ 90%]  (Sampling)"
"1"," "
"1","
"
"1","Chain"
"1"," "
"1","1"
"1"," "
"1","Iteration: 2000 / 2000 [100%]  (Sampling)"
"1"," "
"1","
"
"1","Chain"
"1"," "
"1","1"
"1"," "
"1","finished in"
"1"," "
"1","28.4"
"1"," "
"1","seconds.
"
"1","Chain"
"1"," "
"1","2"
"1"," "
"1","Iteration:    1 / 2000 [  0%]  (Warmup)"
"1"," "
"1","
"
"1","Chain"
"1"," "
"1","2"
"1"," "
"1","Iteration:  200 / 2000 [ 10%]  (Warmup)"
"1"," "
"1","
"
"1","Chain"
"1"," "
"1","2"
"1"," "
"1","Iteration:  400 / 2000 [ 20%]  (Warmup)"
"1"," "
"1","
"
"1","Chain"
"1"," "
"1","2"
"1"," "
"1","Iteration:  600 / 2000 [ 30%]  (Warmup)"
"1"," "
"1","
"
"1","Chain"
"1"," "
"1","2"
"1"," "
"1","Iteration:  800 / 2000 [ 40%]  (Warmup)"
"1"," "
"1","
"
"1","Chain"
"1"," "
"1","2"
"1"," "
"1","Iteration: 1000 / 2000 [ 50%]  (Warmup)"
"1"," "
"1","
"
"1","Chain"
"1"," "
"1","2"
"1"," "
"1","Iteration: 1001 / 2000 [ 50%]  (Sampling)"
"1"," "
"1","
"
"1","Chain"
"1"," "
"1","2"
"1"," "
"1","Iteration: 1200 / 2000 [ 60%]  (Sampling)"
"1"," "
"1","
"
"1","Chain"
"1"," "
"1","2"
"1"," "
"1","Iteration: 1400 / 2000 [ 70%]  (Sampling)"
"1"," "
"1","
"
"1","Chain"
"1"," "
"1","2"
"1"," "
"1","Iteration: 1600 / 2000 [ 80%]  (Sampling)"
"1"," "
"1","
"
"1","Chain"
"1"," "
"1","2"
"1"," "
"1","Iteration: 1800 / 2000 [ 90%]  (Sampling)"
"1"," "
"1","
"
"1","Chain"
"1"," "
"1","2"
"1"," "
"1","Iteration: 2000 / 2000 [100%]  (Sampling)"
"1"," "
"1","
"
"1","Chain"
"1"," "
"1","2"
"1"," "
"1","finished in"
"1"," "
"1","27.1"
"1"," "
"1","seconds.
"
"1","Chain"
"1"," "
"1","3"
"1"," "
"1","Iteration:    1 / 2000 [  0%]  (Warmup)"
"1"," "
"1","
"
"1","Chain"
"1"," "
"1","3"
"1"," "
"1","Iteration:  200 / 2000 [ 10%]  (Warmup)"
"1"," "
"1","
"
"1","Chain"
"1"," "
"1","3"
"1"," "
"1","Iteration:  400 / 2000 [ 20%]  (Warmup)"
"1"," "
"1","
"
"1","Chain"
"1"," "
"1","3"
"1"," "
"1","Iteration:  600 / 2000 [ 30%]  (Warmup)"
"1"," "
"1","
"
"1","Chain"
"1"," "
"1","3"
"1"," "
"1","Iteration:  800 / 2000 [ 40%]  (Warmup)"
"1"," "
"1","
"
"1","Chain"
"1"," "
"1","3"
"1"," "
"1","Iteration: 1000 / 2000 [ 50%]  (Warmup)"
"1"," "
"1","
"
"1","Chain"
"1"," "
"1","3"
"1"," "
"1","Iteration: 1001 / 2000 [ 50%]  (Sampling)"
"1"," "
"1","
"
"1","Chain"
"1"," "
"1","3"
"1"," "
"1","Iteration: 1200 / 2000 [ 60%]  (Sampling)"
"1"," "
"1","
"
"1","Chain"
"1"," "
"1","3"
"1"," "
"1","Iteration: 1400 / 2000 [ 70%]  (Sampling)"
"1"," "
"1","
"
"1","Chain"
"1"," "
"1","3"
"1"," "
"1","Iteration: 1600 / 2000 [ 80%]  (Sampling)"
"1"," "
"1","
"
"1","Chain"
"1"," "
"1","3"
"1"," "
"1","Iteration: 1800 / 2000 [ 90%]  (Sampling)"
"1"," "
"1","
"
"1","Chain"
"1"," "
"1","3"
"1"," "
"1","Iteration: 2000 / 2000 [100%]  (Sampling)"
"1"," "
"1","
"
"1","Chain"
"1"," "
"1","3"
"1"," "
"1","finished in"
"1"," "
"1","27.7"
"1"," "
"1","seconds.
"
"1","Chain"
"1"," "
"1","4"
"1"," "
"1","Iteration:    1 / 2000 [  0%]  (Warmup)"
"1"," "
"1","
"
"1","Chain"
"1"," "
"1","4"
"1"," "
"1","Iteration:  200 / 2000 [ 10%]  (Warmup)"
"1"," "
"1","
"
"1","Chain"
"1"," "
"1","4"
"1"," "
"1","Iteration:  400 / 2000 [ 20%]  (Warmup)"
"1"," "
"1","
"
"1","Chain"
"1"," "
"1","4"
"1"," "
"1","Iteration:  600 / 2000 [ 30%]  (Warmup)"
"1"," "
"1","
"
"1","Chain"
"1"," "
"1","4"
"1"," "
"1","Iteration:  800 / 2000 [ 40%]  (Warmup)"
"1"," "
"1","
"
"1","Chain"
"1"," "
"1","4"
"1"," "
"1","Iteration: 1000 / 2000 [ 50%]  (Warmup)"
"1"," "
"1","
"
"1","Chain"
"1"," "
"1","4"
"1"," "
"1","Iteration: 1001 / 2000 [ 50%]  (Sampling)"
"1"," "
"1","
"
"1","Chain"
"1"," "
"1","4"
"1"," "
"1","Iteration: 1200 / 2000 [ 60%]  (Sampling)"
"1"," "
"1","
"
"1","Chain"
"1"," "
"1","4"
"1"," "
"1","Iteration: 1400 / 2000 [ 70%]  (Sampling)"
"1"," "
"1","
"
"1","Chain"
"1"," "
"1","4"
"1"," "
"1","Iteration: 1600 / 2000 [ 80%]  (Sampling)"
"1"," "
"1","
"
"1","Chain"
"1"," "
"1","4"
"1"," "
"1","Iteration: 1800 / 2000 [ 90%]  (Sampling)"
"1"," "
"1","
"
"1","Chain"
"1"," "
"1","4"
"1"," "
"1","Iteration: 2000 / 2000 [100%]  (Sampling)"
"1"," "
"1","
"
"1","Chain"
"1"," "
"1","4"
"1"," "
"1","finished in"
"1"," "
"1","33.0"
"1"," "
"1","seconds.
"
"1","
All"
"1"," "
"1","4"
"1"," "
"1","chains finished successfully.
"
"1","Mean chain execution time:"
"1"," "
"1","29.1"
"1"," "
"1","seconds.
"
"1","Total execution time:"
"1"," "
"1","117.0"
"1"," "
"1","seconds.

"
